feature_1,feature_2,feature_3,feature_4,feature_5
0.8679541611744678,1.170395816721093,0.990194756489846,-0.763214680897484,-1.7983065783798335
0.24513890877792255,-3.939522042161977,-1.0346576204369333,-1.9314751820615985,-0.09953279558901373
-2.4434146562185397,-1.636448447736401,0.12598395444891058,-2.3755874573813203,-0.8171202247320245
-1.3754146793460276,-1.8327793594352981,-0.9637150678568247,-0.2912932692918486,-1.9261452167797983
2.8665254485155014,-0.0640374919331701,1.3740213421331244,-2.603748924791207,-2.2535734003399712
-1.1373902937010392,-1.1655104005049743,-0.8581472458966631,-1.5108213626378666,-1.3961401202190098
2.147404095977517,-3.403869661731861,0.03859186273228057,-1.9044109664026605,-1.2597183428849288
-0.5767784863398833,-1.928818567036042,-0.25039864737008577,-1.5996810665005767,-2.6330014955086622
0.20782294223320052,-0.3560581943016765,0.42962494063367457,-0.856963197069044,-2.354300167938873
-0.160509466297045,-1.0115913621147974,-1.7563610316384946,-2.2377073188324843,-1.3519670056089554
0.2503282723737854,-3.3226800528651954,0.20228905638628883,-2.5417190729228736,-0.9580759024046998
1.9894357443950834,-0.9439709429612552,0.47114374976209034,-0.7646140704786594,-1.804557583834363
-3.071704813873226,-2.4281633750912697,1.3493250629458442,-1.3044441400882314,-0.6202268813375533
-1.4246247923401398,-1.1422152895773483,-0.24134377440650479,-1.3882303002535932,-1.3743230870473213
-3.781481227255765,-2.275568186399809,-0.8347633893923956,-1.1456136887480768,-0.11634947120978278
2.7250863069481195,-2.85690913004561,0.5095362954359314,-2.143736385115395,-1.6374363326084262
1.0989778386558169,-1.4477924901441628,0.8045010559489593,0.24410272602961158,-3.8078094176049184
-0.4365862520960657,-1.212580311568765,0.17865072858903483,-2.8211976787625606,-1.4906526877043507
0.5617428851235782,-0.8303810344126437,0.8287094352199172,-1.4882959876859054,-2.673843166765774
0.374099436803347,-1.3446314497446712,-0.15893573532878114,-0.8668427378711125,-0.8143770527316894
1.0854371102090787,-0.41141293325256334,0.009044208198964412,-1.0393482494878068,-1.6030385118463184
2.1900972528012215,-3.744426692396866,-0.7217872012344094,-1.8385590749611542,-1.018890807361446
-0.3648305538828751,-2.07315117463625,-0.2805766779448092,-0.7351935833793497,-2.6140991573218617
-0.018113642656106377,0.33684582605357427,1.6935664695282915,-0.8827140905879309,-1.4194720114224606
1.4019012658823164,0.08845582034408839,1.1471119271082366,-0.9514155483609201,-1.6017358408420173
1.811891586970284,-3.2772945417518327,-0.5643772140185209,-2.3329555149784986,-1.3402442856737748
3.246876894673036,-1.692208445721441,0.6324424663678476,-2.3277416208450035,-2.112250835392528
0.7537801450829453,-2.6631561413576192,0.03681214576539992,-2.0931280703975323,-0.9628610336433701
-3.0377285665521674,-0.556643067471406,0.9890742106954769,-1.9248126045042666,0.09987278128702348
1.6059882698813068,-3.9210169770312637,-1.9873401768602443,-1.626671749383958,-0.3388066638388678
-0.28144433497668264,-0.7323282390398944,0.09430857892896574,-1.4429265234401414,-1.9880945229666798
2.392757326814672,-1.762683535681255,-0.07384592716454927,-1.827437397512665,-1.8870238622451507
2.9371927517986407,-1.7522401065427144,-0.13510926719083818,0.11951004248146146,-4.619022938755688
1.0252499252206773,-0.6825586255380722,2.42928264295125,-1.922488096928853,-2.3681138399143693
-0.11783946367415488,-0.8396803588470152,-0.9896139590028159,-0.6301569762647939,-2.036102207419826
0.2442624441827581,-0.9343458683092121,0.5279026489428972,-2.7910004752445214,-1.7844687956536764
3.142884605101578,-0.7207761283048892,1.2084505080181531,-0.6520340855444144,-4.2917582706701936
-1.7544589898855945,-0.8347276844751411,0.314448917351962,-2.780995272506047,-0.9704525054963107
-1.0683722151768094,-0.32210434712348235,-1.425593315478103,-3.106881092232939,-1.2776972302405403
4.076551093566339,-1.0872438650918377,-0.7413932766302571,-0.9890941731436818,-4.729993898046688
1.4914949843921745,-3.2343577935283414,0.42475618113236224,-3.6685091999438377,-1.7124124185323144
-0.3472497205293956,-1.624811513405709,1.670162587348925,-1.0285439098664693,-2.2712618855704605
2.0845815278777255,-4.9241355746595215,0.26356907353548437,-3.380682923200753,-0.7970178607496067
-3.328391158780936,-1.8380474014452854,-0.9575052833155407,-1.8701891668013866,-0.6001245945399489
-2.0726516468986955,-1.2855765103338388,-0.9034264163689436,-1.7688909232216767,-1.0688146725356038
-0.7254467129656126,-2.202156864049046,-1.388985136172458,-0.08573785409250712,-2.893274690556965
1.676945599947007,-2.1293900097187497,0.9214141806744788,-1.7877338685714554,-1.5342090589063295
3.94906752488966,-1.778507976714644,-0.9822400792231865,-0.4368208378339582,-1.4117414546554512
1.945072969014999,-2.600732192555337,-0.6571498307885644,-2.2450721992363367,-1.5399881754271898
0.987709539885014,-1.3456642359813271,-1.577702091632859,-0.5795143381048531,-0.8694898621973184
-0.39308999221256147,-1.583299921057967,-0.15603976669318437,-1.287802782342329,-2.2717233893774003
0.48731971531685647,-1.937441446547004,-0.8092882872442909,-1.6981740944360841,-1.1015681836958775
1.637804806905105,-1.8085188668749936,-0.38780010886627264,-2.8501050305861875,-2.0848005875631834
2.647735339325453,-1.6733206136226475,-0.3946268121983994,-1.3238106368338214,-1.2930529308637548
-0.3495541754372611,-1.843532093322852,-1.264144135027662,-0.6244224682303754,-2.6368121243217124
-2.465732623691861,-1.8000454296524118,-1.0498792408927546,-0.9795916732885189,-0.8660153245338083
3.133734667025564,-0.7110656970870298,1.3091443869175963,-0.4824177817261146,-1.5717228382451445
-2.866898916838923,-1.7948786781289916,-1.3642477552179104,-0.6503647965616018,-0.7179060330962151
2.1126391870628582,-1.8594622693891956,-0.8352857055907584,-1.2519810159420115,-1.3704914969950444
-1.8890934323647919,-1.753646520808961,-0.6913744974139358,-0.7245251815993065,-1.1656795035841423
2.3531341675840465,-0.8607646708272096,-2.8434852920517755,-0.7511881908178101,-3.4043199778818583
-1.2122633159153104,-1.5781106528402338,0.01909471995756535,-1.5896180786899263,-0.6432348326926185
-3.904525770392681,-2.327009151980438,1.3720614239496856,-0.7335501158009043,-0.35712251138470674
-0.3313957349311567,-2.6874448202824874,-0.03871382338034076,-2.8756096189987117,-0.9829796249739321
-2.6644010047012623,-2.6845057849914125,0.6647140863088895,-1.3827845942970693,-1.3475808484501386
0.9274801847848394,-0.5997035623871148,1.444487488946501,-0.4970107025955026,-1.0486853490640637
-3.8417694838220577,-1.4488238284307648,0.8129142448974712,-3.2698363704838913,0.47615194082174206
-0.5312690164736331,-2.22340818949209,-0.4972676139223384,0.05330125885906778,-2.5341767271330884
-2.053278640225022,-1.8521427987683576,0.8624334095553571,-1.3665787323532428,-1.3123337826108903
3.1892201892288288,-0.5040929822783792,1.3040884600469949,-1.7027369333969766,-2.711474422352972
-0.47935060760970116,-0.7629191677034143,0.2827886964836766,-1.7503544701045641,-1.490681200649094
-0.7546984014704505,-0.774494506997999,0.057136355161263315,-1.3532896938811412,-1.5150838688741455
-1.313623020133817,-1.8819200851020361,1.5355623779154153,-2.3549109607153795,-1.9016564159005118
0.9835517293014385,0.36616913793216876,1.0620161767955376,-0.5022632203686274,-1.3720286356392095
-1.6893659469320248,-1.8107120410915953,0.9491737064276725,-1.1012336318394194,-1.501591694615028
-2.94134239815865,-1.8594013826386664,1.661441013728396,-2.0906878810661396,-0.7490271049612515
-4.737565339817927,-2.0197913718454577,2.4291443220121534,-1.8832782434118263,0.27200806012639167
-1.4344764680384494,-1.518451879438079,0.8573307655606177,-1.6243835361326426,-1.6707983929765806
0.4623880308829007,-2.350574672803091,-1.6087686632045235,-3.2077645754246475,-1.4594443569847309
1.1459296321756067,-0.851260870531645,0.7018757813079195,-1.0945958862306424,-1.655197901051344
2.970513699569081,-2.1925784910474966,-1.0585200500425602,-0.7019181642789151,-1.0610077960115563
0.9154711551426956,-3.869982301774103,-0.6235760912020152,-2.4876579219681316,-1.0851409682149227
0.47643507377871064,-0.9117963694680019,0.6795122540794105,-1.9323560706997993,-2.09871509807554
-1.2731355389042125,-1.1027777155332688,-0.4399629124065766,-2.3242218482902093,-1.4241929672617974
-3.6713287077520698,-2.4321997712255468,0.019154915057859004,-1.4922563211498292,-0.5679685494671919
-2.6090156828236575,-1.663937423271159,-1.0954334572945867,0.013184065384532984,-1.23181036032737
-2.020559961669105,-1.873155502357817,-0.8699801924749085,-0.9894082465422336,-1.2227508347405665
-1.1673970991864,-1.9804331282253946,-0.6311897694433802,-2.054528534319097,-2.040674232464351
-4.705986932130926,-2.3173539466226343,0.0604427899258135,-2.522473667404233,0.03741624805476018
1.3742291419252868,-2.6029686394026808,0.8408387593666566,-1.7052915381151317,-1.280772240081348
-1.4113705717177711,-1.4838955194080639,1.3651487618920815,-2.073540124363207,-1.8084379351463367
0.8990238396412319,-3.222412817606387,-0.8555672364232793,-3.3306422128623905,-1.3999256124922828
0.32756594837451125,1.42567042508714,-0.2625403232820616,-1.3508597018355684,-2.376096797750903
-0.4498656177134597,0.17378950161439488,-0.030385489509986232,-1.0715763253670927,-1.463282709409295
2.0226858340683656,-0.5125487852706021,-1.373999547423306,-1.110888358624618,-1.8056046081356056
-0.09824842651591714,-1.8340540748546645,1.3969615804578392,-2.8226719962858957,-1.1041456400852865
-0.5734939500500855,-1.0833936826181823,1.2462673431229843,-2.410274086168133,-1.5857208922872255
-2.114220926380542,-1.7985392577986665,-0.19652211942738346,-1.0339286956790672,-1.3599565006196683
-3.4583386099529365,-1.905074055985629,2.0258070919112505,-0.7253789775353325,-0.4185921484468422
-1.889960437609831,-1.4138274495320493,0.8815997459782084,-1.639060583834618,-0.8351338058626556
-2.1614957967363955,-2.1397658828003387,-0.6642241813532244,-2.149941030921476,-1.2613862031964143
-0.5959425058900478,-0.37737048316833044,-1.6126617580402274,-1.7835536823659293,-1.4501750588823448
3.275073814282097,-1.850968117489462,0.3202774109710961,-1.274869168194238,-1.9664126531144492
1.0466769140662417,-4.702852725670108,0.30808566075914057,-3.405178252192934,-0.5748288770622667
2.52194828265149,-4.7109860788445825,0.12855392339006536,-3.4159434424358803,-1.4575572188286832
-3.6702527684528627,-1.4824209884407182,0.3224669010017471,-2.6021127447840544,0.1727060986589808
-0.5691310520612398,-1.3601113907696796,0.34828933009975854,0.010873781899431778,-1.9204383091223038
3.0551116685789115,-5.288389434904985,-1.9913220473802107,-2.1181174412122714,-0.9044863928413283
2.0649243866841442,-0.9887928386959342,-0.3032309240428677,-0.813424804846629,-1.3630409210634855
1.848741391557044,-0.5203927202587405,-0.40755002017047903,-0.7240173306778074,-1.655385258283894
-2.962861968134261,-1.8114701979883967,-1.1317367193176353,-1.6355330906998826,-0.9831747538986757
-3.1719025934118856,-1.7248720464129097,-0.6409043492480827,-2.7815178052442864,-0.7505959025129927
2.5933829494216947,-1.4626602998849634,0.6373536828753954,-1.0555826205026637,-1.4234483274169545
1.345827832090359,-1.3346737417533237,0.046900565690211025,-0.4449128264525066,-0.916302965891002
-0.4866607071486364,-1.0926271197937893,-0.023977302497963874,-2.073121103987627,-2.026159481265266
-0.979011298708329,-0.9586194147225572,-1.1767035145324671,-0.6770958916190243,-0.8470346969799605
-0.5260975798194655,-1.1250230287410752,0.9582049172942336,-2.13334638763195,-2.0285751343745595
0.5887864411876989,-1.4316015754249494,0.17549496796099245,-1.4465062844621486,-1.5446103189674365
-2.2143399121917167,-0.4208160793975755,-1.2220208715701542,-2.5056817010969175,-0.4480603016907476
-0.4013234099532621,-1.278041571398764,-0.4019875576756351,-1.544582761560872,-0.7183013094912144
1.672115589952293,-1.185920408085571,-0.23148498600021244,-0.11625065804482437,-1.0708672219520308
0.6783064098161192,-3.7410732782455884,-1.001358499230551,-1.8543619212341225,-0.4653558165623728
-2.1271817622212192,-1.4585790466802189,-0.3466533614301105,-2.2396632461302826,-1.093270693715195
-3.58337926342103,-1.3002950229152077,-0.5620903253041943,-1.9266081231196424,0.015061475798249013
0.045749516491678355,-2.158279021054021,-0.6152291907079231,-0.13876525915330573,-2.901652037975392
2.9509786364734003,-1.3885108496672294,-0.2637453878486052,-0.7256030155388055,-4.590157957598567
-0.8788728254779391,-1.5633794568529111,0.2294032478314346,-1.616807764079426,-1.995090929606166
-1.7878380050869345,-2.2176736534653854,0.2325949082278164,-1.1091244138353782,-1.672477014869051
2.697266534255882,-4.613858451051405,-0.7142461110535925,-3.7157481052112953,-1.6126648345458001
-0.5928746183107596,-1.2750975583990376,2.182356501192701,-0.18578503435998628,-2.090747574334852
-3.4155933948969737,-1.7767309132301783,-0.7835221841353823,-2.6639824842104822,-0.3529770491890145
-2.7289214104425867,-2.7668638880929386,-0.6368264497233397,-1.1819966672133344,-1.300294954916331
3.469514043274151,-1.3235226368452249,1.2163120393494031,0.11620946271099264,-1.4264578343719576
-1.384125053406538,-1.3161892038529182,0.3824265617351101,-2.5606241876243843,-1.3203610204810659
1.4055466727445187,-1.6639596374468153,-1.1675003593470266,-2.3147754192027152,-1.7275790365444696
0.07526849855648332,-2.142894809040643,0.07592053425948668,0.35270805076051515,-3.385551813635654
-4.728444071428623,-1.6044242842598504,0.1489719493272099,-1.7895427679847717,0.8898376820345288
0.4240770784880319,-0.696008260351447,-0.878270073673366,-0.571220447893518,-2.323883229084509
2.7612023030198856,-0.5292230376799104,0.5839549948781336,-0.8021542490903741,-2.082276624877439
6.54222967309833,-4.155828662025316,-1.0100459392838244,-1.4295568317455778,-1.324149310863943
-3.720851547635873,-1.0912869532187275,0.3056143612512159,-3.5572284778416305,0.26955281411174825
-0.6493968336076879,-1.7108333784695364,-0.6490537204283726,0.09454525263280078,-1.9825305265792716
-5.6575573174282665,-2.3132411468193927,0.1970268328773009,-4.434174698231828,0.7570008305530709
6.367082495065584,-4.417109182657454,0.7835830685472929,-1.2710098220736887,-1.4624717686842115
-1.3960291293721583,-2.189355552858327,1.556000571839204,-0.9856786509035019,-2.0478635841830366
0.4355186589886533,0.6736570352521203,-0.7891416283926023,-1.8704752210981535,-2.397712472448129
-1.197710699012175,-1.455699411436851,0.1609789471789995,-1.3090317332942847,-1.6079582888047197
0.9342956824330622,-2.0740715202589746,-0.9960351277026638,1.5089524440575919,-3.7672072093960263
-0.08596345958396667,-1.8295713581359845,-0.4358189771662314,-1.817232721790431,-2.5740566175207684
-3.352343385563919,-2.041061115375335,-1.0170366693914479,-1.8818959457576823,-0.4549708378106898
1.1309606360116984,-3.2221466122827427,-0.6217015562388877,-2.514458924368263,-1.4628274570424646
-1.200642581451323,-1.7130163320241136,-1.28976558176506,-2.835059741824553,-1.808581128450974
-1.9342778782456387,-1.1656229680067778,0.8735164244697508,0.021302733523199446,-0.9800705551286047
0.7580883091228883,-3.440110990153529,-1.9613276561676345,-2.041680170819276,-0.7257267818385797
-1.7735950040046538,-1.7236631580949935,-0.8204680929130882,-1.1311278492414822,-1.3697465880396567
-0.4949188361404413,-0.6288411263533541,-1.966439269136049,-1.1077646783039263,-1.6505068964368907
2.2908491903338315,0.011271618845592801,-0.2543767758055499,-1.609756952713763,-3.0340034766210704
1.0090673508446146,-1.4333124502446422,0.3423511790296067,-0.46611366684333655,-1.06355727768215
-1.0324578364366732,-2.0830458425567198,0.5460735131371113,-1.2432599366271169,-2.091750002948097
1.4376333377404202,-2.622036726160051,-2.10685039135781,-1.6263953577169503,-0.8847577448409129
-0.4670503964542905,-2.3001526151585496,-0.3579060646290342,-2.2336860355328625,-0.6876273906820877
-0.7274313342143202,-1.1187648231020086,-0.7588521310376378,-1.1703708295744575,-2.3052939462406337
-2.067773034933173,-1.942487763758494,0.8657527330095898,-0.9947506522051848,-1.7042960044279805
1.1012258813010602,-3.18769692926902,0.43463236547063433,-2.622012685362166,-0.9459925070141183
3.2605391449006205,-4.560999670885993,-0.7649452408782836,-3.0275429806922896,-1.6509065477941367
-3.1079637773371855,-0.8952847847119342,0.7448984493936928,-3.5511760323885566,0.17673882720499412
4.738094546101159,-0.3025292158295725,1.096706430340127,-0.5205700895109031,-2.455301093083862
-1.610151855874757,-1.6755283980082105,-0.6596263010599115,-3.0860639979741036,-1.1010264389156739
2.2020311428562187,-0.43066746525677857,-0.2574601849114253,-1.1601595513461818,-1.8243317037393267
1.4618563764184271,-3.9995885455252562,-0.9906951209440994,-2.2140054918843974,-0.6213472346589017
2.527327498058944,-0.5353438276632688,-2.6267862573507106,-1.0722759048107473,-3.310524318945857
-0.8980799059994682,-1.7531777703880973,-0.11405917237235645,-1.075996381142514,-2.1971110776961984
-2.024548763826415,-0.8449860915496036,-0.42850000482208533,-1.9971692806457835,-0.7638377874849337
-0.92267106758645,-1.8062923806222906,-0.7082677394030134,-0.07555049377066037,-2.099333399544773
2.8970579696396,-2.756263921888758,0.4050405434371863,-1.0211392023687613,-0.9310427568183594
1.8507343291647431,-1.5479006001069215,0.49908979505332257,0.5879004703093567,-0.89123238365708
-0.8242093953121777,-2.259541612954249,1.3491263481684062,-1.22921861461974,-2.5995463916296573
3.2260698340469878,-1.2743996753853073,-0.1977173422776291,-1.2500746722650011,-1.9211826211026464
-3.327399769050089,-2.6004926615296426,-0.6391235224719644,-0.37587300648264255,-0.6578861020798843
-0.6213907043485344,-1.3787527936168178,0.8810715736226133,-1.471171507143288,-1.7422291323630221
-3.5660465717663805,-1.876589833713265,-0.21127525515031384,-2.5774193027426753,-0.48745286239598795
-1.891785699760464,-1.3718866463580794,0.16101788550445562,-2.7340047298825922,-1.011029901940502
1.9515594699470413,-1.6781979749483809,-1.020301547261473,-1.8610643093071713,-1.6925803401009394
-4.757746963525824,-1.7196801039040126,1.7028270060092783,-2.7231571083483206,0.7925141303061505
-2.68221335262594,-1.939390647824766,0.22645903111344676,-1.9585618206595343,-0.8328130610906203
1.2000821398246098,-2.0613910964932196,-1.904452240256916,-2.538801773263466,-1.476964901835352
2.8339100383126268,-1.8170904702388024,1.177206798052249,-0.8181302692341499,-1.5822024974020352
2.7246971824174127,-3.0580512970414375,0.7912090390128811,-1.7176521228971267,-1.5392604557849652
0.9834187967203158,-4.116344638130229,-1.0032141903900413,-2.6793303954713625,-0.6524843226480519
-0.9550140710654014,-0.4121074433699299,0.4711057998624871,-1.5757082603205192,-1.1327511654313673
0.20908625694460592,-0.9536521499546646,2.0236005675424753,-0.05982067135446556,-2.2356675187794592
-1.8508654535788538,-2.719153903958851,-0.9123874525123897,-0.2971416373840108,-2.032121169600143
0.7683610098143117,-0.060586166651647844,-0.32705255875409617,-1.054700727182761,-1.8404008401581167
2.5653244061726657,-4.223818613340464,-1.0338144701807501,-3.198467779827174,-1.6726886768315752
0.9457807768929126,-0.12497926277225191,1.5816989681214926,-1.308077801090531,-2.3093788608857335
3.545449963650156,-3.4959759773499326,0.5549401995673372,-2.2105816759006873,-1.1609376452272202
-2.6883466777128104,-1.9022388321442154,0.8233094521041837,-2.691107683575206,-0.9476542095045711
2.324075356252483,-1.8348131815900095,-0.2977973995442889,-2.0380806976672274,-1.4084608810289194
0.8209255716851822,-0.25806950968346,-1.4576076789955075,-1.4232200498646914,-2.4358796607157966
2.1614454728991497,-2.1449567684469226,-0.3239198165469296,-1.2731982417515384,-1.2885057946057104
-1.8223861878406624,-1.076868227248606,0.318105056052626,-3.147659928956708,-0.7227467815027936
-2.0871234160700434,-2.054269270141673,0.43388085090023226,-1.0617425626459331,-1.5692999910283167
-1.4514650727737215,-1.5758170675181358,-1.2614189917514007,-2.3569048439780067,-1.47955440288934
-1.6967015134952441,-1.589952504186126,0.3405080927420234,-2.760263595589225,-1.3908048900609358
0.664025585537757,-0.24741712546386152,-1.2181079715493217,-0.9526853224748767,-2.17641592380428
-3.969616396121864,-1.8735270946625664,0.44319865991572976,-2.3354926710937263,0.2798568620739357
1.5877618961053868,-3.038055105068674,1.8832757674110623,-1.530353584736458,-0.9081995449852424
0.06347532038866177,-0.04292668930861199,-1.1563171123346443,-0.22586030502991328,-1.848581532371225
2.5025915364929237,-0.299357774206489,0.9540138158473067,-1.7316116297541277,-3.7484256514076235
0.6624245005748861,-0.6130443771858336,0.18160906625350978,0.014463196263998057,-2.417135774487705
1.3336360746354698,-1.028096511439621,0.7842997697226155,-1.5579613218436288,-1.7755586433616954
1.099110247807598,-1.3597243848377194,-0.6405294565074873,-0.8898900428284868,-3.2923401623916675
0.3269710989060006,-0.550567192354866,0.864154213470886,-2.425291886942934,-2.0310952740646733
-0.019100520603918092,-1.1969705444850727,-1.190199028095512,-1.1508130575391418,-1.5797788356511686
1.4125110644437224,0.3243586535287126,-2.011958027499815,-1.0612785907106401,-1.9369664782211342
-2.4362480262946837,-2.1204458910710535,1.4615262062765033,-1.3971110107149705,-0.7513922959751483
-3.0852482792268825,-1.532911683525614,1.3446761201021329,-1.7591151531860185,-0.6442443552485594
-1.8143641965252066,-0.1635104328906105,-0.12107996140904402,-2.667537494754887,-1.6711864484121164
0.24343929129197361,-0.94096176774343,-0.07906198365827584,-1.9564576463435723,-1.5837815825410038
-1.6298942805203218,-1.1220293776598531,1.3003131921355924,-3.7713440382838375,-1.1604161550199068
1.3684418073260125,-1.8755605532018094,-0.034114902514344424,-1.8814449350547984,-1.379036869407587
1.3383179144253718,-1.969524404326826,1.5730603660641642,-1.3965219095333568,-1.3335818412357794
0.0808664977684006,0.04088749450981055,0.6521218714555364,-1.6206483911144014,-1.7060779290644377
0.9563939138640971,-2.051037600438466,-0.9621891799806851,-1.9946008705038296,-1.252795410266485
2.4817087787644754,-0.7164588986291189,-0.4257888429147984,-0.8400406853611224,-1.7520390836596682
0.48150702243928145,-3.5941059635616486,-0.429607443958124,-2.1911743596494158,-0.9066813739718173
-0.7034825072536396,-1.339879790437115,-0.2632548302636291,-1.6497820254218059,-1.8015509017315312
-2.880887543762186,-1.01414978864964,-0.8224709128492901,-2.2873470821633615,-0.4225632595795581
3.942944418412484,-2.741658725552952,0.6894049367802672,-2.163853044158338,-2.14412471746485
1.2561955205599462,-1.392528955780478,-0.37147149986155037,-1.8564880841878582,-1.6411027064045012
-2.9112631842861965,-2.091381946297489,0.8415046798159969,-1.8724773849504568,-0.7711940292009195
0.033360776182425944,-0.9352256254552486,-0.8289276130048954,-3.2248404935998183,-2.2014879496909527
1.8745210657327682,-2.6422813262111493,-0.49726396663617856,-2.166779123282897,-1.181284222438272
-3.5168872932757878,-2.265138250267668,0.5196144598478016,-1.6039538346666207,-0.9255770016711775
-0.4961948504133449,-1.6774147172820595,0.16573336086491727,-2.384390791887668,-1.7196246845034713
3.52502054603224,-0.20864600710082204,0.6766479392992815,-0.49775182396814555,-1.883264164907942
2.9827715110686803,-1.1611149205631546,0.5024472667290073,-0.5639680886291589,-1.3811696447732547
0.3371526943711942,-0.22634062649919362,0.4111821595842892,-0.889992979675675,-1.6751233782492365
0.9984262335817353,0.30198047819169904,-0.9916604426336656,-0.3952641183832466,-1.4739982182514395
-3.5372205297655226,-1.496155037540933,-0.8763847334453033,-3.5983299628335157,-0.3243863558092164
4.192036945818709,-2.2296304314977395,-0.43858571068467656,-2.178399246375858,-2.1614727183323303
-1.918630003786673,-1.339179550373016,0.6967309092318439,-2.4248752261293363,-0.8059758865803206
1.859405635663735,0.5130854904963287,2.010481634591578,-1.5261960106201433,-2.424383991538745
2.090949787242234,0.15181966921410628,-0.7393506193664882,-0.7970439691665643,-2.006069452744983
0.9126404586567451,-1.8939853470292705,-1.4485898025162416,-2.9885041468905515,-2.1949728947195677
-0.5450656284334963,-0.7362106213485732,0.22970074716785507,-1.5772087356090203,-1.1928957961878206
1.0524876768264226,-3.527735042516516,0.3456134163853686,-2.414042654434841,-1.1055278567444018
0.4128417249257528,-0.28418129435636375,-0.0063464210728351005,-2.420693559071778,-2.0081752335298084
1.814254633967547,-2.4029880575386677,0.7132198203959864,-3.206176884193896,-2.31895953314411
-0.9311874229560516,-1.7119251359120773,0.09992517221724088,1.2027774837141179,-2.2399019138871132
-0.2128342501896845,-1.9833849537821677,1.0026509129878278,-0.19878349025567998,-2.5710570892693116
-0.07487562900401845,-0.9887583770396162,0.03850698249575914,-1.369343422890829,-1.2436736952051397
1.1013065800453101,-3.089358431801446,-0.37378160519102877,-1.7878925656902034,-0.949842466885398
0.8297342404482485,0.03568136478860784,0.21145775386723586,-2.6517596815238713,-2.2994406801302762
-2.3682822231660614,-1.8360794422466347,-1.091611194628208,-1.6120805003006817,-1.2748094450749208
2.175435081339584,0.7682248133889522,0.30612070101196,-0.13535359061769459,-2.0150873149300095
-0.5208295297695948,-1.89434932814825,1.7274827380309878,-0.17605062885425005,-2.4208277171996397
-1.0993609274937195,-1.882158424405897,-1.9355846795170613,-0.4339326219022659,-1.9038623343496643
-2.216650828996538,-1.7718059848830687,0.6776396884833475,-1.3700359549699108,-1.243680484090668
1.466144310107106,-0.9964415412857384,1.3481478486069713,-1.1687535994060065,-1.6292860560707965
-3.555748994879073,-1.2349930432680343,0.7251994726731844,-2.291823471744892,0.26232802814952616
-1.0546871940203155,-1.722884025404512,0.27103780076212536,-1.7850937793027872,-1.9873089989363635
-2.0801473194111426,-0.8449457321084571,0.9619566195553785,-2.118937614235956,-0.5269000317333582
-3.6214771159264454,-1.6416059821525626,-1.2323211470374407,-2.590451932280554,-0.2423242664005658
-3.5612466660984143,-2.391413493750596,-1.0935571458882358,-0.9019055257067912,-1.1122206642933055
1.7178102274414622,-3.2431476205030103,0.8257263629471786,-1.8455176963466644,-0.7823916172627213
1.4817915316089842,-0.427239019211499,0.9274074917888051,-1.650401571239124,-2.754154437938765
-3.7181039564378118,-0.41147779981596244,1.1219057109821344,-4.474843710553721,0.8834602171293744
-2.3396997163961615,-1.3487520824032768,0.3597367643574598,-2.4764052861259414,-0.40579458512085287
0.08242259432304322,-0.7801774532387504,0.4311209640974092,0.050705664389827154,-0.8445461549781723
1.332824493191749,0.1426320911027883,0.7849905788461563,-1.0873032115830175,-2.2054978993621357
0.7535211834184941,-2.6654712361615474,0.35503159817083757,-2.1660154896727297,-1.2402294993536986
-0.1198548294976074,0.8276346852721632,-0.5203821202023954,-1.6348693897006257,-2.4322340495266994
3.4965344450778355,-0.508364825884426,-0.37732151011826054,-0.2691807930841008,-4.171683697023097
4.545101090157442,-2.929508795757248,-0.027715566245399007,-1.6300647186874546,-1.8481590248813926
-2.4703707324361606,-1.6433396067542563,-0.3216625150584195,-1.6785262230801492,-1.2485183715577655
0.8670363406276962,-0.04853186409447141,0.7336451466812959,-1.4466501121410589,-2.1316275298544594
-0.17716212480971816,-1.641374152530345,0.26429782197543344,-0.7862644909842744,-2.4091810117109818
1.886255822561269,0.9151084213683651,-0.014936777320765185,-0.9051532853571167,-2.0008089354597027
-0.31946814026238823,1.3309923708293034,1.7893130858641673,-1.7182260275816121,-1.9570702831161846
0.5605552530672347,1.2270818267376007,0.4602558635101262,-0.7625376892224639,-2.0496032700113065
2.3931127955123177,-0.9615591282746412,0.380198369153394,-1.510311043962597,-2.303535039580306
-2.4683753641991037,-2.30611843498634,1.8511659419467084,-1.2764932864138312,-1.4255910585535163
-1.1001780274273036,-2.1907167974174357,-1.405249190773309,-1.457666974237223,-0.6778856707777849
-2.2868703084783757,-0.9727887790320165,-0.5596626897839663,-1.6352122924193575,-0.8622948685124215
-0.2791106861127184,-0.8902816040059799,0.287987594927325,-2.3686826242289563,-1.813604361767137
2.980768531746314,-1.4361565357459394,-0.14200761302952686,0.6190747298069832,-4.4099554426447245
-1.257606134689095,-1.9203804150454196,0.3396018534216899,-1.742023613712994,-1.71762357463624
-0.3503842711967695,-0.9475678444194526,-0.5082603508951309,-1.1855774846189742,-1.2169516089447687
-0.20232925867290685,-1.9998689158075837,-0.13929201177662912,-0.5558309730144593,-2.3486480625148727
-0.12308690540290845,-0.9708155974130616,-0.8184039305286839,-1.9703772912655702,-2.1593912952824446
0.6822736859797587,-0.9400562599099299,0.21345301927981047,-0.9109197637486739,-2.612524239970239
1.442410711868424,-5.0003197466704705,0.46534617352664587,-3.1401533308051026,-0.7187610546249957
3.0420103578958066,-1.5435446869427807,0.0482802803994069,-0.28116471109199326,-1.3602359314974666
-1.992173469241727,-0.6615810669656591,-0.6690046228798174,-2.9574304210823117,-0.5412764293133782
3.6340577187119334,-2.4727386950150483,-1.2455205895013357,-1.0169246266329348,-1.1369128151532253
0.19390500681625666,-2.236530413514288,-0.178219480385237,0.9730821724119765,-3.3266423892984514
-1.4317727564346292,-0.9641913455237474,0.7389154710436832,-1.3215384428142625,-1.033382554085049
0.8328653921083063,-0.881581951053396,-1.9313768607930384,-1.3317846006945957,-1.6174994894359818
-2.464084337450479,-1.4849286413287075,-0.198640259656028,-3.0900440750642675,-0.9288366717794314
-4.549917756268955,-3.8021038419083117,0.33793372063466215,-1.4684939663515468,-0.7801134488703223
1.3901554815334523,-3.573410199391022,1.4447124943642828,-2.1606671544175504,-1.0404875170027565
1.5049829143817628,-0.988760168556721,-1.5943284932814579,-1.2107730067664886,-1.5761585202437012
-0.8742224204437238,-0.7713876277764907,0.08070662638674134,-1.3830948358977104,-1.7890688711877372
-0.45051122222571505,-1.0020114717709985,0.1684019569354735,-2.159045413533165,-1.9362672722400693
1.9716838926669977,-0.6152976170755682,-0.4658220789196091,-0.5489469562183232,-1.7692952685680012
1.2165610517745606,0.05330155516695001,-0.41916194183397215,-0.2809030710320748,-1.5263079291025567
3.1293861100102163,-1.920580102683377,-0.7539135293666445,-0.4156717526733462,-1.1833341912985653
-0.22333599162601336,-1.9782326741297562,-0.7979934021814765,-1.4181255636008336,-2.4680050273567415
2.736103156854816,-0.6359675225056165,0.27861919206591823,-0.7435684391765909,-3.729604000008985
2.904631896602994,-1.7335839657202485,0.7614217673969923,-1.7885064545546567,-1.8513120940911625
-0.24177280800940304,-0.9678608940171807,-0.4198634610863194,-2.503887898334165,-1.7667616353766067
0.5746786753316203,-1.9773849834335637,-3.339500178254242,-2.6467385627642237,-1.6804590049869819
3.045256788054908,-3.152460884282096,-0.9534189023776751,-2.054635732512568,-1.2680189532317196
2.5572993505637482,-2.7066769205584427,0.562344039234167,-1.9490079285828017,-1.4367303647632133
-1.5013636386055988,-1.0411377474212515,0.029965440097251415,-2.119876194748502,-1.01206401463612
3.8896992640425814,-1.7178013487516794,-0.05709044581346881,-1.0626854026648425,-1.7531542138026577
-1.317593300643151,-1.5038108108506105,1.4939381997983447,-1.176394038725224,-1.5948215769097909
-0.9019454880277153,-1.2612275621722784,-1.0811371127976614,-1.466037311926297,-1.7453148533497527
-1.0218758814014108,-2.4563001416080024,0.9886805603447387,0.7169120095082238,-2.6696046632049497
-2.5833339458927362,-1.2998264489190148,-0.22306703548074155,-2.792822762929395,-0.7466104036584246
-4.217194998241467,-2.4153393261913654,0.8645299085407953,-2.147213157909466,-0.6013852114301955
0.5267036199768763,1.2270849340275505,0.33411864962999654,-0.3187931224996623,-1.6477527413852442
-2.3386363701714328,-1.034010420658002,-0.3562902946047844,-2.3667368428456363,-0.68085484079314
-0.075165363171102,-1.3943448543919839,-0.28476697753719615,-2.108314299805199,-2.303341046023563
-0.9425401292559621,-1.370109835156395,0.563459954183239,-0.9303300365805279,-1.009723005317761
2.3376661670805152,-2.570659195103845,-0.17960649778617563,-2.377071745819249,-1.0964972388027077
3.824943911950051,-0.7734298373562094,1.1387347742736065,-1.4901572174491358,-2.4438258510920234
-0.4335433164818132,-1.4629890282738998,-0.8338000016355946,-0.9861401491101207,-2.031844419661847
0.45267532024644863,-0.11753513399954563,0.9412578547947976,-2.5640125605755433,-1.9380599199145
-0.24594727507706948,-2.1734625097656552,0.2669869855276509,-0.7441567628654848,-2.693141485292802
-0.9347647620599869,-0.4778172096523472,-0.7960160652158775,-2.9672596576592802,-1.0228034123388536
3.6721088457895803,-2.7292941981590095,0.9241954659902013,-1.280604919883968,-1.5143050113603187
-1.1246223894684404,-1.1653162704211812,-0.454168586159589,-1.3739712355792486,-1.4938948287386062
3.4209639086971944,0.49832438144932634,1.1154666830952116,0.14296170679816744,-1.8325114011842314
-1.0162979563907073,-1.1735048410292426,0.24990170911772747,-1.7564987640034269,-1.7470375944549807
1.8065173006524429,-1.4891360292031415,-0.7220679929956276,-1.7864565034543851,-1.707480624390498
0.8833387019384163,-0.8227970627413158,-0.798190624421264,-0.449324172647936,-1.1230327320165467
2.502225028126342,-1.8317508256806856,0.36425021222298903,-2.1624473832549116,-1.4798020949586883
0.5803257168292177,-0.0526124541088564,0.8702489939113104,-0.8729098084244535,-1.708053532190128
2.1121987685226884,0.34345744612821116,1.048210268761728,-0.8652775214224477,-2.054701462740491
1.0947003078539803,-0.2522190071578203,-1.006269354325485,-1.4319634951518687,-2.0284117856053197
1.503045535135493,-1.4222981824081138,-1.7349276321350622,-0.7753479067631401,-1.0821972935691213
1.082534749832987,0.09402216539575226,0.6268336570281299,-0.44051359921241917,-1.8191490493018208
-2.1606238146231758,-1.5615895601863623,0.37348118773216055,-1.5107059556979405,-1.0913029593290067
0.9847172393634152,-1.746646520452894,-1.8055572614170154,0.27588988968351047,-3.321507019499194
3.478306335021158,-2.398020066892032,-0.05905208225984015,-1.2927194802980781,-1.802047513798043
-0.35725321334838167,-2.2491497367868365,-0.8022022842362012,-2.188345689704707,-0.41244656184184514
1.691655613107691,-1.1291044887498325,1.608305472055386,-0.8870337050106296,-1.5632443683887
2.8748828335074865,-1.3229931910650032,0.008279274333433777,-1.661743381457827,-1.8622222712657777
0.429122219116568,-0.336223085818403,0.06475976170456565,-2.0925358255297937,-2.0346528411165816
-0.8030766173248564,-1.6545650325414953,0.27319919902204376,-0.3325258462003393,-1.9389713158792004
1.4590785872615075,-1.0673102797141387,0.8420383973247058,-1.8737724533417537,-1.7969621669963927
-4.1589985156357105,-1.953605517979373,0.6771468663576308,-2.46908780403904,0.1647366051937338
-2.209935048379301,-1.2543079341591066,0.5387289760525086,-2.1943858699214984,-0.7100893441738695
2.6448633015926326,-3.5124660600160533,0.012477049335467458,-1.1291421142421187,-0.6552082349277978
-4.452031206725216,-1.289967104536144,1.0769228252928504,-1.9090422750662843,0.6872675846901419
-1.481344026706491,-2.546190459197454,-0.7773900758589046,-0.28901365153690506,-2.358913120925953
0.6736301255171696,-2.6996922163044377,-0.03578968593829679,-1.2839472913799352,-0.5507943184647562
-1.4819852942808884,-0.9363388371069478,-1.641253202359863,-1.9788084551812934,-0.9706061217002958
1.731699621947011,-1.6084257884064048,0.7965755075290015,-0.7713512341146805,-0.9709108798528384
2.498547083986393,-1.864272866681995,-0.6542002848756773,-1.5005566452970525,-1.6452962698169058
2.006730730123384,-2.3925627319687157,-0.8108511341406807,-1.5448798657830347,-1.1000493881018947
3.860755154913234,0.34654545151612637,-1.027936761073339,0.22759552319116172,-2.12221196577819
0.4106101464617584,-1.6015722651695126,-0.7714696452214928,-1.4976081967860995,-1.50116702622243
-2.99700446095793,-1.5188984026419032,1.937454896938424,-2.139782701183898,-0.4083574800133061
-0.11469452544458147,-0.2391629031777298,-1.0629096824531188,-2.0753074511190817,-2.0513368916862125
-0.9220057654783461,-1.9488238562196056,-1.3883901407716945,-0.750346801724398,-2.0300384988485813
-0.7368012771711091,-1.1644012310822365,-0.03917237060621958,-2.958882815971794,-1.580897054358402
0.8063875978529725,-2.9826705646384903,1.340282570333991,-2.9623429101897325,-1.1244380820847029
-3.775824729089937,-1.936992343775122,-0.9965927363229516,-1.6446891003576536,-0.13224018076209698
-2.9178384371624704,-1.4851477857921147,-0.21942392592350715,-2.137345850345276,-0.5746813864270902
1.297063320831982,-1.6107147297456863,-0.47066136172780243,-1.2061530935617626,-0.9580541011627837
-3.4044764593597314,-1.232709295015494,-0.38369041958098427,-2.123897428385364,-0.003058015398058611
0.9099908604900812,-1.3692044253046454,2.256272265137851,-1.689105015236032,-1.1183609719886114
1.9401368082390236,-1.9051003020340642,-0.6046620674952157,-1.505037954556243,-1.8727482915901286
2.013824494995421,-1.0150294982116161,-0.3878992086840582,1.4711835083118134,-3.546024055746786
-0.21044368108920652,-0.6904411182437706,-0.33362455179405004,-2.892062166427076,-2.1960475099303753
0.4391151468465748,-1.8203049302819312,0.04352981075811124,-3.160683576561274,-1.8596958228774685
-2.44407354288446,-2.1452532449231496,-1.0934365820964118,-1.4078343049290862,-1.1723853953576966
-0.03505798641119173,-1.0286113215615593,-0.569651434158326,-0.43898502195930633,-0.6378103985663168
3.0126683499978046,-2.9833348803590543,-0.054981143300898205,-1.7564047358169437,-1.326937293746511
-2.323258537908332,-1.2075284121948173,0.6329676506008086,-3.247594066069258,-0.6561967348332362
-5.963669629954742,-2.1172206038719943,-0.49671082393040833,-3.764569507639606,1.3760586522940756
-2.173616820509251,-1.4472030682819963,1.250954474226849,-0.9604343647520791,-0.6775721846286691
-0.13197814251590856,-2.0426335832475266,-1.3819953225931907,0.021955229927166142,-3.0468849381762584
-0.8069343605266223,-1.1336266554107197,2.3332893216497825,-2.3173449871201273,-1.6360520478507339
-2.7893307870596296,-1.2378739200380215,-0.08891970051876215,-1.8557906377044544,-0.6253175856492249
-1.9783204113565005,-1.2333517849237354,0.7372525329431979,-1.5312720027793771,-0.8501010337876205
-2.314376407660296,-1.8717926087323542,-1.3022392090163228,-1.8281332860455273,-1.429252759964139
-2.1624225653091607,-3.0446171013056045,1.3738078274271044,1.2231334238907543,-1.9813616331100268
2.5151662498712195,-1.2444636550993955,1.042360462492807,-1.2861577423197983,-1.6883277490887258
-2.282331877964657,-1.9260914860223626,0.020493012926024876,-2.7087113297488288,-1.0353531479891216
-0.6106407737995102,-1.527054294563737,-0.9732317753280502,-2.03672732960379,-2.1114148278170775
4.585010637648849,-0.006506860024646066,-0.644386928798028,-0.33806607729984006,-4.604104865139811
3.5794922243557155,-1.1774239876238624,-1.1066194106812755,-2.4466396605465572,-2.3132591157619355
0.9165054263942424,-0.23822362668800157,-2.492356202902901,-0.8503727464095117,-1.7643396303295895
-3.5043269694787624,-2.0021148124964254,1.6608024019379088,-2.3579681390444183,-0.3200181834255664
-1.71463008381257,-2.931087282346391,-0.8056053984262593,-1.2249578461739377,-2.280222779734989
0.9620939384017425,-0.7954531308451047,0.026127472935788817,-1.9777501314019912,-2.0434991712657133
0.9199552474878949,-0.5271714971378585,-0.8359948415962833,-0.7002572030764405,-2.4963049219983366
-0.6086972758634039,-0.8561622933906778,1.0451345483842691,-2.1812163069411143,-1.4683384856410058
-1.2830126190014264,-0.25476701355879294,0.6969855223430569,-0.5566681974938771,-1.2352244381910014
0.06762400084409048,-0.3023379804430937,-0.3439760714337959,-1.2824521745742217,-1.8160924437975086
0.8645883977889284,-0.5945133198247111,-0.7390168700211478,-1.9223050562901156,-2.4516281656951278
-5.36195815359479,-1.905549524940541,-0.4600171610262952,-1.5595536051260446,0.6193069683567343
1.6478578623895412,-0.8297863721557899,0.22659199149281042,-1.335182398147123,-1.5803611455489097
3.018282812648294,-4.544480017351333,2.307020916953611,-3.5411996792056817,-0.9630250423580136
-3.248289655528281,-1.891907415509812,1.282648641296596,-1.300675090546474,-0.47675686355695546
-2.677644610716571,-1.3111912115529951,2.2671801950982227,-3.0793060401929617,-0.4787511713502939
1.0208557254500246,-1.5569018536259547,0.28786589832281284,-1.572713587861401,-1.0805646853648612
-1.7075872179686715,-1.8386895276823028,0.7905013606617233,-2.385675046936503,-1.367518456893954
-2.2592975668066524,-1.8125030643874462,0.2542582797409963,-1.9244329808046914,-0.9082326170707846
0.4309632239491099,-0.8624562354687034,-0.38809790709960035,-1.8409350085739906,-2.4801175243296076
3.1406100516004924,-1.8249823535455605,-1.0086623143834552,-1.4765706149825002,-1.8985714604938169
-3.4093108878042613,-2.1078405053964535,0.47047365611673203,-0.2948546802265455,-0.8808403932379193
1.3508602427786545,-2.2719147760144707,1.239012992015965,-2.668142924532976,-1.2586569335574487
-0.9082912349416645,-0.38026058186307665,1.970258448634137,-1.7640497685634675,-1.4536198470867812
-3.5065606373490246,-2.012470388797663,1.6117905913123958,-1.0593602923643404,-0.30730261711070206
1.4825014344478027,0.5835492834684932,-2.176581085624116,0.3730764524416228,-1.4877657149096983
1.5324816325442854,0.19829661649061747,-0.29689685132050436,-0.8526131167742429,-1.9062615209821758
1.7968528326920143,-0.7370566447927257,-1.9949452858132852,-1.5579207412866534,-3.2533857372497605
-4.7250777088449585,-2.0793871847335645,-2.0224615847208947,-1.4193038742181727,-0.03699497899515691
1.2223011612488082,-1.0679226176063046,-0.025402450744924792,-1.30372834620088,-1.4511687247379723
1.7796455359698728,-0.8553288017973002,2.4793894187099115,0.2720209875167825,-3.476802194878518
1.763440819420106,-2.571128976721919,-0.6352916046860899,-1.130152880128111,-0.8414641615453053
3.9738466502542686,-4.031446295793209,-0.5316619003196678,-3.69762631525962,-2.2086111958416024
-0.036843251690113155,-1.4098609830060966,1.2743880873317186,-1.6804344036840542,-2.7032955793305207
1.02813271798012,-0.13156687225170693,-0.6283840909951381,-1.3853739215973324,-2.235042665485948
-0.3489387408762157,0.404147228352999,-2.242955375059794,-0.6851043537201608,-1.700987238634543
-3.533097511394272,-2.6951295150613586,-0.8949373535413653,-1.4734848370441687,-0.5162895086512495
3.022313752777252,-4.6207213355853085,1.030240212870275,-1.9893351099856915,-1.118960955652923
-3.770891752380718,-2.3492006149213664,0.2262288205840868,-1.542828928666071,-0.4306671024053148
2.688754586099755,-1.2570316750601203,-0.29677326096569556,-0.05192443476474429,-0.9251829502671887
-3.776554497108357,-2.1241194123506073,-0.5669874758094271,-2.8376541555206054,-0.545590518960943
1.0945532401337252,1.3230271698540719,0.20023957346147908,0.38155751207101485,-1.8761906304024274
1.6736334883854251,-0.9925556913774978,0.2605174218537532,-0.333515685272451,-1.4550892330257925
-0.935521604842237,-1.2726808971807317,-0.6314847326853011,-1.798515331260929,-2.091916171644576
1.5941748258948167,0.0734919515410477,-0.4633223648366058,0.025590391174099558,-1.5664986434688817
-0.28011275280575676,-1.7744799313642239,-0.9688316315467529,-0.3208972394582501,-2.69432701482118
-0.45991918427471945,2.5872107470658916,-1.3583300842097628,0.08996988870249956,-2.136472253156792
0.879805159887565,-2.3150489473295233,-0.43635946871824044,-1.487190817065298,-1.0233730076028709
-0.34914289133981113,-0.8004645992397509,-0.06210932992018467,-0.7906775121761553,-1.1781597901314373
-3.192148422668753,-1.2141822270707632,1.345803267362869,-2.7240723691660356,-0.32325519691937177
1.0837320890143252,-1.377885356819974,0.3783471956072637,0.29117436191249113,-3.424473366038506
-2.705824444962535,-2.703311425808537,1.368129807708867,-1.433821657400692,-1.3447396462180643
-0.5566705025629237,-1.0163006892219002,0.6535019520558621,-1.2656562548103012,-1.843567144589455
-3.0262948128734766,-2.042995073015706,-1.4922687866598638,-1.4839304550817416,-1.0241460115147094
-0.30531820423749556,-1.326679919143334,0.49941106919460265,-1.2969710058490123,-2.2099159390059797
1.0524485251931792,1.468216598710125,-1.3919462407031564,-0.08964817531536107,-1.8861145011866982
4.017901445049004,-1.655017970324488,1.2813925489828368,0.3684760678832577,-1.2117788017357056
3.3728901918025036,-0.18635127612933133,-0.5643946415067032,-0.8393034331836344,-2.9126855694526403
-1.1990831097631942,-1.619011642577405,0.46619034234711976,-0.5168193446831824,-1.8609602712356084
2.777970878435534,-4.034719568754192,-0.981645070175222,-1.7363651345752833,-1.1924486601911997
3.041577962737189,-3.3428462600936313,1.0873568257159645,-1.846610932964584,-1.1650618039649194
2.861104572634769,0.06041894039199924,1.329996837546657,-1.3806245383058706,-2.583194367319158
-0.8291342270124886,-1.0163917120562909,-0.14122253565425064,-2.361880011064825,-1.4898289737497188
2.133083457722445,-3.900770695104265,-1.9627075800084366,-1.0227120965354775,-0.2408828221376622
-2.145371020360101,-1.4858660548683242,-0.2386067692562958,-0.35080892174522016,-0.9021586891212453
0.6504370052003647,0.16819330616792638,0.8736596768942935,-0.3819568557255888,-1.3866565326605131
-0.7331857398724639,-1.5941160259355078,-0.21975049584272882,-2.0077412458195076,-1.9708588900215955
-1.1826724700895683,-0.7642432910223832,-0.46855748632585903,-1.9493155040394377,-1.5427387711432665
-4.618813189240797,-1.3679237110550022,1.0318679825348305,-3.5758623945668364,1.200056898393767
2.4663145723935394,-0.8342023169638794,0.5290162998921087,-1.5017778475282526,-2.100057286042445
-2.5423904314282986,-2.001373835126031,-0.8362881187253874,-0.31021944964978587,-1.066847312639808
-1.179800354572333,-2.096593992216313,0.21494016993893264,-1.349104540899159,-1.6586974795257021
-1.4857321555214231,-1.5496849087253175,0.5496994183110051,-1.779691824110048,-1.6575163955823065
2.523514517883226,-3.535642727786963,0.05695444025489809,-1.8770037496897554,-0.9574067135782652
-3.4662927627244784,-0.6706222644949122,-0.1309492221844728,-3.3138794925084456,0.49548476419360155
1.8632701054585092,0.4164346490373827,2.1037319178163094,-0.009897703437666605,-1.5369596315520897
-4.524025787869488,-0.8950280839748639,0.1744592948367024,-1.946740511500142,1.0464273190973685
1.756457867685993,-4.329195218473522,1.2559729204311547,-2.406426141461429,-0.8258964489962738
-0.8589733658966461,-1.500944171746224,-0.9997528010881317,-1.2665597166778437,-1.8726185263621535
1.6742277960392178,-3.2469517210205643,0.9217034851003533,-1.0351371656643829,-0.6731850261077478
-0.7673916822657888,-1.8281495213459613,-1.1195557260884106,-1.9460092160087326,-2.4978740552087015
1.0503521894317425,-1.2059234249105604,1.0121364609085306,0.4846389049601383,-3.2913362693360875
2.0356201938172007,-1.7240385316607034,0.6541055958566111,0.7095422637540354,-4.480474471112761
0.5384347113792127,-1.6027290738137385,-0.4184710305171959,-2.5219957188836553,-1.5389279745284254
-0.1534724022192011,-2.108819037265944,0.08642851707843523,-0.8576285593035287,-2.6051761559998523
-3.25055890233147,-1.0505718888411748,-1.7694585953165944,-3.7055827821616094,-0.05943405677222713
0.30787135812908883,-0.0029038077189742495,-0.9346787104832548,-2.0512182850468257,-1.811796855461719
-1.734927771376684,-1.5082122474961464,-1.400919328109129,-0.9987644557812978,-0.8562999117657432
0.9243908741254526,0.713532834005842,-0.18348724299850708,-0.7620873651825022,-2.3901460948652824
-0.9201570826701765,-1.8582336128180852,-0.43825911737856177,-0.8571840475160494,-1.76937635118737
-3.433591926845715,-2.346652080409741,-0.4329008187851472,-1.6959932432108524,-0.7837819047369902
0.34788810987531193,-2.958889636880546,-0.699318207827662,-1.8759340667282187,-1.0580532534379017
3.2375047785481668,-2.953503821584176,0.9526804128416713,-2.6831116998282525,-1.5618105515698326
0.6864347522224308,-1.5260939870547798,0.9160832241966544,-0.5787552593586571,-2.716748320359018
0.5950961491938711,-2.453198650806329,1.4501926306346884,-2.259565714153187,-1.2815308240239838
-0.04487940916085287,-0.0076982152147038185,-0.31036637819207014,-3.199663185629441,-1.6463901457428347
0.3314750992142468,-3.2282647221684257,-0.35568291025788557,-1.9911338266702838,-0.8196197906512274
0.5548351281475724,-0.9795067197612004,-0.19600683347169046,-0.8199432611181294,-1.2668916459292092
0.9113777944279087,-1.1454267707245838,-0.5381590012067285,-0.9455874357544967,-2.8200079069249204
2.641163420041952,-0.4192275376485777,0.7862925633946097,-2.430100044382212,-2.2666984466765694
-2.3931292755209297,-1.7013071392714985,-0.24390322132546324,-2.4852483829892082,-1.104776267072065
1.06680975261634,-0.8078755274541568,-0.36553728375817224,0.19884501991571923,-2.7852152421567684
-0.9520333092512023,-1.073095534097554,-1.567329153524528,-0.1641830198795442,-1.7652309424708297
-0.21341887160888207,-0.7202671050756256,1.105631691524071,-0.8720868464511131,-1.0765384692237094
-1.9105620437620514,-1.322161359770579,-0.7674210000716748,-3.0625719363476906,-1.043574465135599
1.7409189733435937,-2.428819473814181,0.8811231392795259,-2.4910354275609308,-1.704203197864799
